,id,uniprotID
0,cons_478,B4GWS5
1,cons_1394,B4QXT2
2,cons_2177,B4NUK8
3,cons_2395,B4KT05
4,cons_1987,C9QP72
5,cons_939,B4R2B3
6,cons_233,B4MVT5
7,cons_1815,B4R3F1
8,cons_226,B4J443
9,cons_1028,B4HD91
10,cons_1008,Q9VM35
11,cons_391,B4QJA5
12,cons_1881,B4GVD6
13,cons_772,A0A0Q9XHY0
14,cons_1672,Q9VYX5
15,cons_1234,B4K7U2
16,cons_794,B4PHQ1
17,cons_1600,B4QT03
18,cons_212,B4MPG1
19,cons_1193,A0A6I8VLN0
20,cons_1797,B4NSX5
21,cons_2222,B4MRU5
22,cons_677,B4J699
23,cons_1352,B4HIS9
24,cons_2327,B4LEH0
25,cons_2128,B4NTV1
26,cons_1308,A0A6I8V4A2
27,cons_1319,B4QC93
28,cons_1175,A0A6I8VQH9
29,cons_304,A0A0Q9XB21
30,cons_1184,B4GRA2
31,cons_2144,B4N2B0
32,cons_1976,B4K7Y4
33,cons_758,A0A0Q9WY97
34,cons_2200,B4KER1
35,cons_1846,B4IH41
36,cons_184,B4HMB1
37,cons_1007,B4G6R0
38,cons_570,B4JK89
39,cons_1577,B3NFW7
40,cons_534,A0A0R1E593
41,cons_2224,B4PYF0
42,cons_379,B3N692
43,cons_1715,Q29FZ4
44,cons_432,A0A0Q9X3D2
45,cons_2192,A0A0Q9XRA5
46,cons_1630,A0A0R1EET5
47,cons_1402,B4GE65
48,cons_1130,B4R2C1
49,cons_2220,B4IQH0
50,cons_1744,A0A0B4KEC6
51,cons_326,B4HFL7
52,cons_395,B4QD95
53,cons_10,B3NCE8
54,cons_319,A0A6I8UM75
55,cons_330,B4GY79
56,cons_1344,B4HHD7
57,cons_2046,B4NDA3
58,cons_102,A0A0Q9X9F7
59,cons_785,B4JHX1
60,cons_308,A0A6I8V3I4
61,cons_672,B4J171
62,cons_2359,M9PDI2
63,cons_963,A0A0S0WGV8
64,cons_73,B4QB32
65,cons_1491,Q29LL7
66,cons_1902,B4GCU7
67,cons_2181,B4IP92
68,cons_787,B4JCG7
69,cons_1418,A0A6I8UVR2
70,cons_1472,B4M2G2
71,cons_1189,B4HGZ8
72,cons_16,B3NJ28
73,cons_1388,M9PFN6
74,cons_2086,B4QD16
75,cons_314,B4R0K4
76,cons_193,B4MSI7
77,cons_1951,B4HDE0
78,cons_1964,M9MS52
79,cons_1046,B4GBP3
80,cons_1258,B4ILN0
81,cons_2107,B4QP84
82,cons_1237,B4I071
83,cons_1972,B4I0U6
84,cons_1642,B4G9B4
85,cons_696,A0A0Q9XEH7
86,cons_35,B4IGQ8
87,cons_1585,B4QMQ4
88,cons_485,B4GYC6
89,cons_2393,B4GZW5
90,cons_1079,A0A0Q9XJH1
91,cons_903,C9QNZ0
92,cons_1288,B4JXX0
93,cons_780,B4KD20
94,cons_2241,B4I3T7
95,cons_1387,B4NH66
96,cons_1343,B4HL72
97,cons_1877,B4R5X7
98,cons_2078,A0A0Q5U6V9
99,cons_531,B4J1V8
100,cons_984,B3P3A3
101,cons_802,B4HXU6
102,cons_118,A0A0Q9XRU2
103,cons_2376,B4HC10
104,cons_1583,B4GUH5
105,cons_1927,B4JYL7
106,cons_224,B4HLI8
107,cons_914,A0A0S0X8W6
108,cons_1973,B4LW42
109,cons_2305,B4NFL4
110,cons_2030,B4H3L8
111,cons_784,B4R426
112,cons_1675,A0A6I8VGL2
113,cons_556,B4NZW2
114,cons_2344,A0A0R1DYB5
115,cons_1243,B3NTQ3
116,cons_1289,B4MTU9
117,cons_1272,B4R5H2
118,cons_1468,B4KZ28
119,cons_1469,B4QVL7
120,cons_1633,B4L6V0
121,cons_2245,B4MR42
122,cons_2313,A0A0Q5TA79
123,cons_1978,B4IEK1
124,cons_1006,B4K098
125,cons_1024,B4LFH0
126,cons_579,B4PJC3
127,cons_1544,B4II76
128,cons_327,B4HUD2
129,cons_291,A0A0Q9XMF2
130,cons_2151,A0A6I8VCS4
131,cons_1536,B4QK17
132,cons_2329,B4IC23
133,cons_1153,B4GUW2
134,cons_459,A0A0Q9W4X4
135,cons_2102,B4JM69
136,cons_660,B4QNR4
137,cons_582,P23487
138,cons_719,A0A0Q9XF26
139,cons_2281,B4PV58
140,cons_1920,B4JCB8
141,cons_1664,B4NRV1
142,cons_1529,B4HJF5
143,cons_91,B4H340
144,cons_1861,B4QZ20
145,cons_900,Q9VR96
146,cons_1147,B4NVU2
147,cons_1149,B4QTN4
148,cons_846,Q9VUA6
149,cons_916,B4NVP6
150,cons_985,A0A6I8VU79
151,cons_337,B4NSX8
152,cons_1440,B3NLH1
153,cons_505,B4LHK3
154,cons_1580,B4GTM0
155,cons_1173,E1JHS5
156,cons_1991,B3NEV2
157,cons_813,B4HMP5
158,cons_1405,B3NYJ4
159,cons_1320,B4LH64
160,cons_1473,B4Q8C7
161,cons_722,B4JL45
162,cons_1998,B4NN14
163,cons_2198,B4HQ69
164,cons_1456,B4QJM3
165,cons_1298,B3P5E7
166,cons_686,B4JPW8
167,cons_249,B4H4R6
168,cons_1445,B4J0V4
169,cons_1322,Q9W402
170,cons_458,B4HMB7
171,cons_1057,A0A0Q9XK93
172,cons_1239,B4JIY3
173,cons_860,B4GZH9
174,cons_378,A0A0Q9XG60
175,cons_150,B4QXP5
176,cons_818,B4ISK5
177,cons_2212,B4KLV4
178,cons_902,B4H488
179,cons_169,B4QKV2
180,cons_2150,M9PBY4
181,cons_163,B4GXM5
182,cons_815,A0A0Q9XFE5
183,cons_178,B4P9Q2
184,cons_1056,A0A0R1DIJ8
185,cons_1068,B4K340
186,cons_1107,B4K9K9
187,cons_1548,A0A0Q9WDY5
188,cons_1049,A0A0Q9WQJ3
189,cons_1663,A0A0Q9XL72
190,cons_2170,A0A0R1DXM5
191,cons_1106,B4Q9N1
192,cons_382,B4GE33
193,cons_1967,A0A0Q9WBW6
194,cons_268,B4QES8
195,cons_819,A0A0Q9X1G3
196,cons_1844,B4QXF1
197,cons_490,B4M441
198,cons_2293,A0A0R1DTE4
199,cons_1775,B4GBQ7
200,cons_1540,B4H393
201,cons_979,A0A0Q9XAD8
202,cons_1011,A0A6I8UBX6
203,cons_973,B4H9Z1
204,cons_905,B4GU72
205,cons_2337,B4LHF9
206,cons_332,B4HI86
207,cons_398,A0A0R1DP77
208,cons_1658,A0A0R1DN15
209,cons_1401,B4HB03
210,cons_30,B4KRZ5
211,cons_1839,B4H1A2
212,cons_1400,B4IXL3
213,cons_405,B4NV64
214,cons_2141,Q6IK18
215,cons_831,B4MLI2
216,cons_1048,B4KYR6
217,cons_898,B4R7H0
218,cons_1666,A1ZAU0
219,cons_1113,A0A0Q9WML8
220,cons_1860,Q9VAJ4
221,cons_180,A0A0R1EGK9
222,cons_1116,B3NCD8
223,cons_1918,B4IXQ1
224,cons_158,A0A6I8UK51
225,cons_1988,A0A6I8V2N3
226,cons_1945,B4R5K4
227,cons_1979,B3P235
228,cons_1066,B4G409
229,cons_700,Q9W2X7
230,cons_652,B4N5B4
231,cons_2155,A0A0R1E9C9
232,cons_1720,Q94554
233,cons_1197,B4ISR0
234,cons_2261,B4QP94
235,cons_1351,B4H6K3
236,cons_2353,B4R3Z1
237,cons_1287,Q4ABK3
238,cons_2273,B4LHG1
239,cons_1596,B4IL89
240,cons_435,B4GD09
241,cons_603,B4I878
242,cons_1576,A0A6I8UYM3
243,cons_2051,B4QFD7
244,cons_2326,B4GQW2
245,cons_448,A0A6I8VF59
246,cons_1884,B4QS42
247,cons_2061,A0A0Q9XFV9
248,cons_31,B4J2C7
249,cons_1516,B4JWJ5
250,cons_1824,B4PY82
251,cons_667,B4QHW3
252,cons_684,B4IRX8
253,cons_688,B4IC92
254,cons_173,Q9VNE7
255,cons_1109,A0A0Q5VWT9
256,cons_2041,B4QC78
257,cons_390,B4JA36
258,cons_2345,X2JFW2
259,cons_0,B4P824
260,cons_1310,B4L6P4
261,cons_300,B4J169
262,cons_444,B4IFC0
263,cons_942,B4K495
264,cons_225,B4L3S7
265,cons_1982,B4JUP4
266,cons_123,B4KXH0
267,cons_995,A0A0R1DRB6
268,cons_1531,A0A0Q9VZG1
269,cons_38,Q29DI1
270,cons_1593,A0A0Q9X129
271,cons_757,B4QSG8
272,cons_109,A1A6Q5
273,cons_585,B4JTH4
274,cons_1584,A0A0R1DVY9
275,cons_1488,B4NYP6
276,cons_1403,B4N7L8
277,cons_1129,B4MDA1
278,cons_1940,A0A6I8W775
279,cons_1216,B4GSU8
280,cons_614,A0A6I8VZ59
281,cons_2161,B4QG87
282,cons_1721,B4LQD3
283,cons_392,B4MD90
284,cons_955,B4GZK1
285,cons_370,B4GQZ0
286,cons_78,B4LYT3
287,cons_1094,B4R197
288,cons_545,B4GKE6
289,cons_1212,A0A0Q9X8T8
290,cons_21,B4J415
291,cons_207,B4JUK1
292,cons_267,B4QB91
293,cons_1221,A0A6I8W6G0
294,cons_63,B4GZT7
295,cons_695,A0A6I8VG56
296,cons_262,B4GED9
297,cons_1947,B4III8
298,cons_2286,Q6IK96
299,cons_1566,B4GBJ0
300,cons_1601,B4Q8K8
301,cons_803,A0A0Q9X586
302,cons_1550,B4GTV2
303,cons_1801,B4IS74
304,cons_1590,B4K1P5
305,cons_494,A0A0Q9X2I7
306,cons_248,B4HI27
307,cons_853,B4Q666
308,cons_258,A0A0Q9WSJ6
309,cons_2399,B3NKV1
310,cons_1581,A0A0Q9WYD7
311,cons_356,B4JKC3
312,cons_1865,B4I4G1
313,cons_386,B4JPI8
314,cons_1554,Q71D58
315,cons_1816,B4JML4
316,cons_1842,A0A0Q9WY66
317,cons_1307,A0A0Q9XPY6
318,cons_1266,B4Q850
319,cons_1564,Q6IIA4
320,cons_639,B4KS72
321,cons_589,B3NE79
322,cons_497,B4HDQ3
323,cons_2392,B4HZ46
324,cons_510,B4MLV5
325,cons_726,A0A0Q9X9T7
326,cons_904,B3NGE8
327,cons_1121,A0A0Q9XHM5
328,cons_1582,B4P535
329,cons_1192,B4N1N8
330,cons_1814,B4QZX5
331,cons_629,B4LP37
332,cons_2028,B4JJW8
333,cons_311,A0A0Q5U7R3
334,cons_1223,B3NPL6
335,cons_731,B4R4L7
336,cons_919,B4R0H4
337,cons_2334,B4GW69
338,cons_1229,A0A0Q9WCM4
339,cons_1450,A0A6I8WEW8
340,cons_1123,B4QRF7
341,cons_786,A0A0Q9X978
342,cons_2101,B4I1X6
343,cons_2048,B4KDT6
344,cons_2270,A0A0B4JD94
345,cons_879,B4QV72
346,cons_1651,A0A0Q9WKR6
347,cons_621,A0A0Q9WDK8
348,cons_2075,B3P255
349,cons_649,B4GM16
350,cons_689,Q9VLL8
351,cons_1053,B4R4K1
352,cons_1652,B4R1G6
353,cons_161,Q29IU5
354,cons_755,B4J7P8
355,cons_1095,Q8SXG2
356,cons_1660,B4KCU9
357,cons_1000,B4PYY8
358,cons_1218,B4JS66
359,cons_2339,B4LU29
360,cons_659,B4GZ01
361,cons_511,A0A0Q5VKQ2
362,cons_2229,B4NE36
363,cons_463,A0A0R1E548
364,cons_1245,A1ZBU4
365,cons_668,A0A0Q9XHE8
366,cons_852,B4NVM6
367,cons_1457,A0A6I8V9V9
368,cons_1090,B4N664
369,cons_1284,B4IG42
370,cons_145,B4ISG7
371,cons_1588,A0A6I8V4Z1
372,cons_124,B4GHU3
373,cons_1022,B4G8S2
374,cons_2185,B4M0S8
375,cons_2347,B4IM15
376,cons_72,B3NPK1
377,cons_1029,B4HHV1
378,cons_1080,B4J6F3
379,cons_1098,B4MB06
380,cons_538,B4LMD1
381,cons_702,B3P382
382,cons_968,B4IDJ7
383,cons_2199,B4I0D0
384,cons_1683,B3NBB3
385,cons_1527,Q71DD8
386,cons_801,B4LLP0
387,cons_1916,B4PP18
388,cons_1975,A0A6I8V1T8
389,cons_1369,Q9VGS6
390,cons_2077,B4H3T1
391,cons_1305,B4GSX1
392,cons_561,Q9VFM6
393,cons_1518,A0A0B4LEX3
394,cons_546,B3LEV2
395,cons_2370,B4IKP9
396,cons_1546,B4M247
397,cons_271,A0A0Q9X8L9
398,cons_1539,B3NZC0
399,cons_1367,Q8MZ67
400,cons_508,B4GZQ0
401,cons_799,B4GYJ4
402,cons_49,B4IC83
403,cons_1332,B4NLV8
404,cons_1244,A0A0Q9WWF9
405,cons_2256,A0A0Q9W312
406,cons_2318,B4JDI5
407,cons_1847,B4NTA6
408,cons_2322,B4GVG6
409,cons_1742,A0A0R1DJX1
410,cons_2191,Q9W4I4
411,cons_1303,A0A0Q9X590
412,cons_1891,B4H0J8
413,cons_265,B4QE18
414,cons_2274,A0A6I8UYW9
415,cons_2152,Q8IPA4
416,cons_1427,B4PY42
417,cons_2169,A0A0Q9X9J6
418,cons_1559,B4IS84
419,cons_1950,B4I1P3
420,cons_2277,B4JFT4
421,cons_1489,M9MRR7
422,cons_1423,Q9W4H8
423,cons_711,A0A6I8VD97
424,cons_1893,B4J3J8
425,cons_41,B4L262
426,cons_2082,B4NTP6
427,cons_2294,B4IUC4
428,cons_454,B4MYC9
429,cons_708,B3NNS2
430,cons_56,B4P3U9
431,cons_1249,B4JW47
432,cons_518,B4IN01
433,cons_1133,B4QIC7
434,cons_636,B4GBB6
435,cons_1667,B4KER0
436,cons_2023,B4JLN4
437,cons_2311,B4QS36
438,cons_1181,A0A6I8W5M5
439,cons_1227,A0A0Q9WJN8
440,cons_2039,Q6IIQ6
441,cons_1771,A0A0Q9WYL9
442,cons_196,B3NN57
443,cons_2090,A0A0Q9XDB1
444,cons_1309,B4JVA1
445,cons_1753,A0A0Q9WXG6
446,cons_1226,B4MQ32
447,cons_1196,B4QB73
448,cons_236,B4L3V6
449,cons_238,B4GTP8
450,cons_33,B3P6R4
451,cons_475,B3N9H3
452,cons_154,B4PVH3
453,cons_2221,A0A0R1DQA6
454,cons_1187,A0A6I8US86
455,cons_2373,B4HLN3
456,cons_875,B4JXK0
457,cons_1748,A0A0R1E966
458,cons_1784,B4QZI6
459,cons_1832,A0A0R3P303
460,cons_1939,B4R067
461,cons_1551,B4H0C7
462,cons_281,B4GV21
463,cons_535,B4GYB5
464,cons_1474,B4IT86
465,cons_890,B3P1M6
466,cons_1359,B4IQE0
467,cons_1460,A0A6I8UZM3
468,cons_2307,B4PW73
469,cons_1377,B4QB70
470,cons_2295,Q7KI49
471,cons_273,B4HUS8
472,cons_1786,B4IRM3
473,cons_39,A0A0Q9XQT9
474,cons_555,B4HEC5
475,cons_175,A0A0Q9XUI8
476,cons_106,Q3YMS8
477,cons_1612,B4HCE1
478,cons_2015,B4HRM4
479,cons_1399,B4QP69
480,cons_2384,A0A0Q9WVT7
481,cons_1186,B4PXX3
482,cons_402,B4QYE5
483,cons_2058,B4LCB0
484,cons_52,B3NG24
485,cons_1313,B4HFL3
486,cons_492,A0A0R1E911
487,cons_1555,A0A0R3P7D8
488,cons_144,B4JYB0
489,cons_168,B4Q9N6
490,cons_1042,B4M4Q5
491,cons_1168,B4JEN5
492,cons_1629,A0A0R1EDY2
493,cons_620,B4QZ30
494,cons_468,B4IKU6
495,cons_1325,B4G9M4
496,cons_762,B4LK27
497,cons_2308,B4K3B3
498,cons_783,A0A6I8UNS5
499,cons_1213,B4GNW1
500,cons_34,B4MBA7
501,cons_1471,B4IRJ4
502,cons_1811,B4I401
503,cons_836,A0A0R1DQH1
504,cons_331,B4IX61
505,cons_1919,A0A0Q9WR87
506,cons_2385,A0A0Q9X5Z8
507,cons_1825,B4JLN8
508,cons_237,B4N1E5
509,cons_1484,B4L6W7
510,cons_574,B4ILD8
511,cons_99,A8DYB2
512,cons_1316,B4IYS8
513,cons_1417,B4GHE0
514,cons_471,B4N568
515,cons_427,B3NCG7
516,cons_2116,B4MJ68
517,cons_1535,A0A1Z1CH22
518,cons_635,B4MN64
519,cons_2180,A0A0Q9WDA3
520,cons_807,A0A0B4KES8
521,cons_740,B4J991
522,cons_795,B4NU49
523,cons_396,B4JE84
524,cons_2022,B4G7C3
525,cons_2111,B4LAW0
526,cons_1281,B3NIK4
527,cons_1782,A0A0R1EBX5
528,cons_1901,B4JE48
529,cons_82,B4GM34
530,cons_279,B4P933
531,cons_854,B4GXK0
532,cons_644,B4HTG1
533,cons_1785,B4QXD6
534,cons_1026,B4GVJ7
535,cons_1697,A0A0B4K6C3
536,cons_1635,B4IR37
537,cons_1470,Q8MT77
538,cons_1636,B4J393
539,cons_197,A0A0Q9XDR3
540,cons_1063,B4LZ72
541,cons_865,A0A0R1DUG0
542,cons_3,Q9VLF4
543,cons_493,A0A0R1DZA5
544,cons_606,B4LFD6
545,cons_1442,A0A0Q9WI18
546,cons_1729,B4HVF0
547,cons_2029,B4J690
548,cons_974,A0A0Q9WYC4
549,cons_1968,B4GPF1
550,cons_732,B4H0H5
551,cons_1931,B4QG86
552,cons_554,B4R5Y3
553,cons_1302,Q7JZ53
554,cons_1598,B4P3H9
555,cons_520,E1JHL4
556,cons_1907,Q29HZ2
557,cons_480,B4NTQ7
558,cons_1333,Q6XHV0
559,cons_2349,Q9V9P2
560,cons_45,B4QQ74
561,cons_798,A0A0Q9WV12
562,cons_1885,B3P8I5
563,cons_791,B4Q8W0
564,cons_952,Q6XI23
565,cons_2129,B4GZP2
566,cons_76,B3NYJ5
567,cons_1209,B4IU22
568,cons_2167,B3P7T9
569,cons_618,B4R1J7
570,cons_1668,A0A0R1E213
571,cons_426,B4R787
572,cons_1396,A0A0Q9WUM1
573,cons_1810,B4GK39
574,cons_2047,B4IIB9
575,cons_1264,B4P560
576,cons_287,B4IXF3
577,cons_1935,B3NVF4
578,cons_2134,B4P4J5
579,cons_1871,B4I3M4
580,cons_2042,B4GHA2
581,cons_317,B4P8P0
582,cons_1254,B4R1W4
583,cons_765,B4QNP6
584,cons_1018,B4NCQ9
585,cons_2217,B4I9H6
586,cons_177,A0A0Q9X0I6
587,cons_931,B4KEL7
588,cons_2279,B4K3Z3
589,cons_2037,B4KKK3
590,cons_2364,B4KAE7
591,cons_2375,A0A1Z1CH08
592,cons_1541,B4M3C7
593,cons_442,B4JGZ0
594,cons_1758,B4KW49
595,cons_1395,B4J0E3
596,cons_2070,B4GHK5
597,cons_1324,Q9VHI4
598,cons_706,B4KVE5
599,cons_716,B4L151
600,cons_587,A0A0Q9X6K2
601,cons_296,B3NAA4
602,cons_204,B4JN06
603,cons_484,B4JAF5
604,cons_1291,B4HLL2
605,cons_1304,B4KP88
606,cons_22,B4KBX1
607,cons_1016,B4L3J7
608,cons_575,B4LMN2
609,cons_1743,B4Q4K9
610,cons_488,Q9VM46
611,cons_1265,B4HC20
612,cons_749,B4GJY2
613,cons_200,B4NUT1
614,cons_257,B4HFE9
615,cons_580,B4JS03
616,cons_2103,A0A0B4LGX6
617,cons_2354,B4INS8
618,cons_2109,B4J1K2
619,cons_519,B4IVR8
620,cons_421,B4R2Z7
621,cons_1497,B4IQ39
622,cons_1087,B4QA72
623,cons_1579,B4QEF4
624,cons_1451,B4LR73
625,cons_2250,A0A0Q9XGQ3
626,cons_1496,B4QC26
627,cons_1152,B4JYV7
628,cons_661,Q29KF5
629,cons_1172,B4KXJ2
630,cons_2060,A0A0Q9XAI6
631,cons_1372,B4K3I3
632,cons_2131,B4L7I7
633,cons_845,B4QJQ4
634,cons_1708,B4PAR8
635,cons_419,B4L9N5
636,cons_2282,A0A0R1DQI5
637,cons_721,B4JW74
638,cons_1069,B4P9Q1
639,cons_1780,A0A6I8W533
640,cons_2176,B4IDJ1
641,cons_2372,B3NC13
642,cons_2147,B4G5F5
643,cons_1607,A0A6I8UVI7
644,cons_2296,B4M7E4
645,cons_1764,B3P106
646,cons_770,B4J814
647,cons_1965,B4PB68
648,cons_592,A0A6I8US42
649,cons_2089,A0A0Q9WX38
650,cons_515,B4JAQ4
651,cons_43,B4GNS3
652,cons_474,B4JLS6
653,cons_1812,B3P537
654,cons_1376,B4QJZ4
655,cons_441,B4NVL1
656,cons_1904,B3NM96
657,cons_2402,A0A0Q9WWJ3
658,cons_2323,B4QQI1
659,cons_529,A0A0Q9XT98
660,cons_1735,B4KRP4
661,cons_1486,B4P1H5
662,cons_1144,A0A0R1DR16
663,cons_1803,B4J5U3
664,cons_653,B4H0L3
665,cons_1374,B4J450
666,cons_1533,B4NY00
667,cons_2266,A0A6I8WDE9
668,cons_2324,B4PZY7
669,cons_323,B4KAP2
670,cons_892,B4HAS4
671,cons_847,B4G6T0
672,cons_482,A0A6I8UIU2
673,cons_2157,B4HXG9
674,cons_1827,M9MRL1
675,cons_1275,B4MLV1
676,cons_1336,B4R3F6
677,cons_29,B4Q3I3
678,cons_361,A0A0Q9WXF0
679,cons_2330,B4QIH0
680,cons_697,B4QEJ7
681,cons_96,A0A0R1DR47
682,cons_403,B5DNJ2
683,cons_9,B4H0K6
684,cons_1614,B4QAH6
685,cons_1853,B4GR99
686,cons_1770,B4G6X5
687,cons_513,B4KE26
688,cons_1104,A0A6M3Q719
689,cons_1345,B4NST8
690,cons_201,B4R3X2
691,cons_540,B4H3J6
692,cons_231,B4GWL0
693,cons_993,B4LAJ3
694,cons_2020,B4HJA8
695,cons_1215,B4LPH9
696,cons_1222,A4UM14
697,cons_2285,B4H1R8
698,cons_1857,A0A6I8UNM5
699,cons_387,M9PE85
700,cons_1415,A0A0Q5T4J2
701,cons_1128,B4GI68
702,cons_1995,B4J3A5
703,cons_165,A0A0R1DX64
704,cons_1606,Q29LK5
705,cons_1917,B4LG06
706,cons_79,B4L6Q1
707,cons_1115,B4I096
708,cons_2163,B4JT56
709,cons_822,A0A6I8VRG1
710,cons_1687,A0A0Q9X584
711,cons_1381,Q6NN06
712,cons_832,B4HX04
713,cons_1479,B4MTE6
714,cons_2009,B4QHS9
715,cons_191,B4HFT2
716,cons_364,B4HMF3
717,cons_2382,Q9VV76
718,cons_911,B4JW18
719,cons_1752,B4QE48
720,cons_320,B4PT88
721,cons_36,D6W4N5
722,cons_2052,B4HBF7
723,cons_71,B4H677
724,cons_2011,A0A0Q9WGC1
725,cons_824,A0A0Q9WRM4
726,cons_715,B4HPD7
727,cons_1425,A0A6I8UUB8
728,cons_345,A0A0Q9WJ84
729,cons_951,A0A6I8UCN4
730,cons_647,B4MQQ9
731,cons_2365,B4N476
732,cons_1525,B4QIP2
733,cons_218,A0A6I8USA5
734,cons_2398,B4JVG4
735,cons_1681,B4J8H9
736,cons_573,Q9VZD5
737,cons_1993,A0A0Q9XJE9
738,cons_1512,A0A0R1E801
739,cons_945,A0A6I8WCX3
740,cons_1570,B4IPR1
741,cons_148,B4J3R4
742,cons_100,B4Q5W0
743,cons_227,B4NVW2
744,cons_1953,B4J748
745,cons_2213,B4Q6W8
746,cons_1263,A0A0Q9WNA6
747,cons_670,A0A0R3P8G4
748,cons_1599,A0A6I8UIF0
749,cons_1295,A0A0R1E5P4
750,cons_1777,Q01643
751,cons_938,B4I784
752,cons_1188,B4IUQ3
753,cons_2007,B4JGL7
754,cons_1083,B4LTP2
755,cons_1446,B4MZE8
756,cons_901,B4I516
757,cons_1519,A0A0Q9X9V8
758,cons_1698,B4LT76
759,cons_1267,B4JRZ2
760,cons_1043,B4Q9P2
761,cons_1065,B4IK30
762,cons_927,A0A0Q9XS84
763,cons_595,B4QJE0
764,cons_1363,B4H649
765,cons_172,B4JWY9
766,cons_733,B4GV96
767,cons_2202,B4NWZ8
768,cons_2001,B4QBM2
769,cons_86,B4H3U0
770,cons_1422,B4GP05
771,cons_969,B4K466
772,cons_675,A0A0R1E8W3
773,cons_1318,Q9VLT7
774,cons_1569,A0A0Q9X051
775,cons_1542,A0A0Q5WB50
776,cons_1603,B4IGW4
777,cons_1738,B3NRU4
778,cons_889,A0A0Q9X2Z8
779,cons_1452,B4HCG5
780,cons_1718,B4IX18
781,cons_648,B4NWQ9
782,cons_1905,B4NUX8
783,cons_1025,A0A0B4LFN2
784,cons_2081,B4L5S6
785,cons_2233,A0A6I8W5Q8
786,cons_876,B4QJM9
787,cons_2186,B4G835
788,cons_725,B4H2H2
789,cons_2360,B4P6E2
790,cons_220,B4L5K4
791,cons_1937,B4QZA4
792,cons_1420,B4H840
793,cons_1883,A0A0Q9XKD5
794,cons_404,B4GPT6
795,cons_1436,Q9VJ83
796,cons_2223,B4H8B0
797,cons_2084,B3NH74
798,cons_1915,B4GC93
799,cons_303,B4I111
800,cons_2300,B4QZ40
801,cons_2302,B4I9U8
802,cons_1054,B4IRI6
803,cons_1282,B4LH75
804,cons_1326,B4GM26
805,cons_2380,B4HJ64
806,cons_1228,A0A0R1EBA6
807,cons_416,B4LLW1
808,cons_873,Q9VCS1
809,cons_501,A0A0Q9WQV6
810,cons_2000,B4IL38
811,cons_456,B4PE51
812,cons_94,B4KYW6
813,cons_774,Q29D82
814,cons_464,B4HEE9
815,cons_1412,B4HXI0
816,cons_2240,A0A0Q9X399
817,cons_374,B4G8T4
818,cons_683,A0A0Q9X521
819,cons_340,B4IRS3
820,cons_1036,A0A0Q9WT48
821,cons_2174,B3NMQ6
822,cons_264,B4GK24
823,cons_2203,B4HSR3
824,cons_1035,B4G3J6
825,cons_2068,B4JEW7
826,cons_1060,B4J182
827,cons_2403,B4R586
828,cons_1898,Q9VZJ1
829,cons_2331,A0A6I8V5E3
830,cons_678,B4J3Q8
831,cons_2158,B4GRY5
832,cons_1936,B4HL36
833,cons_424,B4IM80
834,cons_1639,B4IRG6
835,cons_1913,B4L3C4
836,cons_1574,B4HDD0
837,cons_217,B4GMA1
838,cons_981,B4HQQ9
839,cons_206,Q8SXV1
840,cons_934,B4QIQ5
841,cons_1912,B4QAN3
842,cons_37,B4QUX2
843,cons_1481,B4K0F7
844,cons_2239,B4N0U4
845,cons_760,B4PEK1
846,cons_247,A0A0Q9WRH3
847,cons_1385,B4GCP3
848,cons_1513,A0A6I8VZS4
849,cons_2106,B4IDW7
850,cons_1315,B4LMU9
851,cons_1573,B4K489
852,cons_277,B4GF96
853,cons_946,A0A0R1EFF7
854,cons_1828,B4J531
855,cons_1858,B4QYL9
856,cons_1909,B4GZH7
857,cons_2338,B4PD27
858,cons_1074,B4QGG4
859,cons_2283,B4QG02
860,cons_1781,B4L718
861,cons_1802,B4QPF6
862,cons_1509,A0A0Q5WLH5
863,cons_2006,B4IHK3
864,cons_1617,B4JEN1
865,cons_409,X2JD84
866,cons_481,A0A0Q9X0S6
867,cons_541,B4KD70
868,cons_829,A0A6I8UMQ8
869,cons_1010,B4PVK1
870,cons_1406,B4QM50
871,cons_1378,B4L0E3
872,cons_425,B4I6I4
873,cons_1944,B4LTI7
874,cons_465,B4HTP8
875,cons_1589,B4QC77
876,cons_1969,A0A6I8V526
877,cons_978,A0A1Z1CLY5
878,cons_1441,B4QIU7
879,cons_1339,A0A0R1DYY4
880,cons_1653,B4IS18
881,cons_1701,B4J3Z1
882,cons_1438,A0A0B4KFI0
883,cons_1353,B4LD38
884,cons_941,B4L4J4
885,cons_1314,B4QKH0
886,cons_1379,B4J947
887,cons_547,B4GQI0
888,cons_2246,A0A0Q9X2Z1
889,cons_2091,B4GB63
890,cons_766,A0A0Q9WWE5
891,cons_110,B4I8M1
892,cons_2050,A0A0Q9WSG7
893,cons_81,A0A6I8VGY3
894,cons_841,B4KEQ2
895,cons_288,B4JE51
896,cons_1340,B4LN24
897,cons_825,B4MYU1
898,cons_2125,B4H7P9
899,cons_24,B4HZD1
900,cons_980,B4G9H4
901,cons_1166,B4HKL0
902,cons_558,B4III9
903,cons_2369,B4G4R7
904,cons_1647,B4QDR8
905,cons_1714,B4HWB8
906,cons_1773,B4MME2
907,cons_1900,B4IZ17
908,cons_338,A0A6I8V4H6
909,cons_559,B4HNT0
910,cons_851,B4I6X8
911,cons_1855,A0A0Q9XV43
912,cons_975,B4GTC1
913,cons_400,A0A0Q5VW19
914,cons_2114,B4P5M9
915,cons_2252,B4GSX9
916,cons_412,B4L7Q1
917,cons_583,B4QWC6
918,cons_597,B4II63
919,cons_253,B4KPJ4
920,cons_97,B4K236
921,cons_457,B4LAI8
922,cons_828,B4N0D8
923,cons_1835,A0A0R1E355
924,cons_502,A0A0Q9XQ13
925,cons_2005,B4KIR7
926,cons_631,Q8MLN5
927,cons_491,B4H3M2
928,cons_2166,B4LP65
929,cons_2003,B4IAY8
930,cons_223,A0A0R1E941
931,cons_1137,B4PTD1
932,cons_313,B4N673
933,cons_1733,A0A0R1DMZ5
934,cons_335,B4IRC8
935,cons_422,B4G7K3
936,cons_2358,B4K8S6
937,cons_1736,B4IZA8
938,cons_1157,A0A0Q9W9V3
939,cons_88,B4NWE6
940,cons_216,B4IP94
941,cons_1793,B4L2Y5
942,cons_871,B4LL54
943,cons_2271,B7YZJ3
944,cons_654,B4KTI2
945,cons_838,B4J6T3
946,cons_2248,A0A0Q9XSG0
947,cons_1637,B4PFH0
948,cons_775,B4KL06
949,cons_948,M9PDN5
950,cons_1911,B4PLU7
951,cons_2012,B4INA7
952,cons_578,Q9V668
953,cons_157,B3NWU4
954,cons_298,B4H0J5
955,cons_885,B3NMF6
956,cons_1626,B4HRE2
957,cons_1061,B4QQV1
958,cons_234,B4NV34
959,cons_1966,B4K4D6
960,cons_1331,B4KNL5
961,cons_1671,B4H198
962,cons_1880,B4KPV3
963,cons_2049,B4H9U3
964,cons_1705,B4Q7D9
965,cons_628,A0A0Q9WN30
966,cons_1012,B4P3T2
967,cons_2235,B4R4Q1
968,cons_1696,A0A0Q9X477
969,cons_12,B4IRC7
970,cons_183,A0A0Q9XAL3
971,cons_2362,B4MUT0
972,cons_2234,B4IV07
973,cons_1037,A0A0R1DY77
974,cons_1522,B4NZ01
975,cons_1818,B4L656
976,cons_1337,A0A6I8VZ08
977,cons_310,B4R569
978,cons_203,A0A6I8UHM5
979,cons_753,B4JM40
980,cons_926,Q86BK9
981,cons_1537,B4KP67
982,cons_734,B4LKP4
983,cons_194,B4PKX7
984,cons_1124,B4JSE1
985,cons_602,B3P0U2
986,cons_2225,B4MXD1
987,cons_275,A0A6I8WEG7
988,cons_1929,Q9U5S5
989,cons_18,B4IN83
990,cons_596,B4IE23
991,cons_1661,A0A0R3NSF9
992,cons_2040,B4P447
993,cons_655,B4QM74
994,cons_1757,B3P4W4
995,cons_274,B4G2P9
996,cons_2389,B4P3D4
997,cons_284,B4QSL5
998,cons_1174,B4K0I8
999,cons_717,B4I8Q1
1000,cons_1704,B4JJG2
1001,cons_1355,B4IS23
1002,cons_908,A0A6I8UXT4
1003,cons_2088,B4NSY2
1004,cons_2397,A0A0Q9X9C6
1005,cons_622,B4G843
1006,cons_1572,B4J809
1007,cons_637,A0A0Q9WKU4
1008,cons_1948,B4JQU5
1009,cons_380,B4IQA1
1010,cons_2179,B4R4J3
1011,cons_1203,B4IU79
1012,cons_1732,B4KK58
1013,cons_1872,B4JFT0
1014,cons_701,B4IP01
1015,cons_1145,B4HTF8
1016,cons_1719,A0A0Q9WN27
1017,cons_2010,B4HKM3
1018,cons_1117,B4GCZ5
1019,cons_507,B4IXR9
1020,cons_605,B4PII4
1021,cons_1386,B4Q7H4
1022,cons_563,B4QSB4
1023,cons_1854,B4HFP2
1024,cons_658,B4JU85
1025,cons_2218,A0A0Q9WTL1
1026,cons_388,B4GA86
1027,cons_1102,B3NZP1
1028,cons_1111,B4KQ85
1029,cons_663,B4HCR1
1030,cons_1217,B4N5A2
1031,cons_242,B4IYB1
1032,cons_1089,A1Z8I6
1033,cons_2120,B4IJY8
1034,cons_1838,B3NL06
1035,cons_1199,B4M309
1036,cons_1632,B4KC53
1037,cons_645,B4NTJ3
1038,cons_1294,B4P9S7
1039,cons_625,Q29LU8
1040,cons_2113,B4QQD7
1041,cons_1428,B4IR07
1042,cons_1075,B4KRV5
1043,cons_1703,B4HJE5
1044,cons_1514,B4KYH7
1045,cons_1346,A0A6I8V6Z3
1046,cons_1710,B4JRN5
1047,cons_58,B4HZM6
1048,cons_137,A0A0B4LGS3
1049,cons_2,B4M1U5
1050,cons_156,B4IZ15
1051,cons_1389,B4K8Q7
1052,cons_1620,Q7JZW3
1053,cons_1734,B4PHJ4
1054,cons_714,B4G5J2
1055,cons_2343,B4GM86
1056,cons_1591,A0A0R1EB81
1057,cons_2299,B4LBH1
1058,cons_1071,B4ISR2
1059,cons_1051,B4NGP7
1060,cons_1685,A0A6I8VPH5
1061,cons_1538,B9EQU3
1062,cons_2119,B4H3R0
1063,cons_84,B4QAJ8
1064,cons_2072,B3N8M0
1065,cons_1361,B4R0F3
1066,cons_1760,B4PGT8
1067,cons_1280,B4JYS8
1068,cons_962,B4IG98
1069,cons_417,B4NUA3
1070,cons_1686,A0A0Q9WFI3
1071,cons_820,B4QFW7
1072,cons_2194,B4K0E6
1073,cons_2356,B4I357
1074,cons_115,B4HAV2
1075,cons_1096,A0A0Q9WAU7
1076,cons_2228,A0A0Q9WPF8
1077,cons_1528,B4HRC8
1078,cons_228,B4KIE6
1079,cons_1429,B4P2R8
1080,cons_434,A0A0Q5VLK2
1081,cons_1792,B4KMZ9
1082,cons_1408,E1JH75
1083,cons_2108,B4HCQ5
1084,cons_1868,B4NVT4
1085,cons_294,B4PFC7
1086,cons_2361,A0A0Q5W0G0
1087,cons_869,X2J523
1088,cons_1677,X2JES6
1089,cons_1768,B4I061
1090,cons_1862,A0A6I8VBQ6
1091,cons_1220,B4KHD8
1092,cons_987,B4IZG6
1093,cons_872,A0A0Q9XD87
1094,cons_138,A0A0Q9WQ70
1095,cons_1392,A0A0Q9W1L2
1096,cons_1251,B4P0M1
1097,cons_891,B4J5N6
1098,cons_299,B4IC11
1099,cons_1167,B4NV83
1100,cons_805,B4QWA3
1101,cons_1466,A0A0R1DQT8
1102,cons_506,B4JK20
1103,cons_2063,B4P8D3
1104,cons_839,B4I7N5
1105,cons_325,B4J5D0
1106,cons_950,B4LDB3
1107,cons_32,B3NUW0
1108,cons_2126,B4NS71
1109,cons_2301,B4PQ30
1110,cons_136,B3NUJ7
1111,cons_1840,B4QBF0
1112,cons_1366,B4GHQ7
1113,cons_260,B4MQ36
1114,cons_476,B4R6U4
1115,cons_2133,A0A0R1EDP9
1116,cons_849,A0A0Q9XF24
1117,cons_2021,B4LBQ3
1118,cons_62,B4HNQ8
1119,cons_1236,A0A0Q9X1E4
1120,cons_2067,B4MVG0
1121,cons_429,M9NCT6
1122,cons_1495,B4HY47
1123,cons_57,A0A0Q9VZL4
1124,cons_162,B4H463
1125,cons_381,B4R6T2
1126,cons_1323,B4G5J3
1127,cons_1789,B4NPT4
1128,cons_694,B4IJB0
1129,cons_135,Q29DA6
1130,cons_2314,E3CTS5
1131,cons_1002,B4N2Q4
1132,cons_1510,A0A0B4LIB4
1133,cons_210,A0A6I8UY39
1134,cons_2292,B4NTR7
1135,cons_855,B4NUH5
1136,cons_1870,B3P5X0
1137,cons_477,B4GVR0
1138,cons_2400,M9PG48
1139,cons_1923,B4K2X4
1140,cons_1587,B4JX13
1141,cons_1621,B4JRH9
1142,cons_2207,B4ICT8
1143,cons_877,A0A6I8VMP7
1144,cons_342,B4P565
1145,cons_397,A0A6I8V3L7
1146,cons_1830,A0A0Q9X749
1147,cons_910,B4IMS0
1148,cons_2355,B4H502
1149,cons_1756,Q9VU96
1150,cons_604,B3NUZ9
1151,cons_2214,B4GF35
1152,cons_1132,Q5F4I4
1153,cons_2033,B4R088
1154,cons_817,B4I0Z4
1155,cons_101,B4NBQ4
1156,cons_761,B4QVM8
1157,cons_617,B4L5E5
1158,cons_921,B4PH48
1159,cons_751,A0A0Q5PZ87
1160,cons_1879,B4I5X7
1161,cons_2074,Q9VJ39
1162,cons_1261,B4QNB4
1163,cons_837,B4G4E7
1164,cons_537,B5DIU5
1165,cons_1114,B4I7X9
1166,cons_594,B4IQF7
1167,cons_229,B4LTT0
1168,cons_306,A0A0Q9WUS4
1169,cons_1088,B4KDL1
1170,cons_937,B4LK91
1171,cons_641,B4R3N1
1172,cons_1561,B4KEA4
1173,cons_2073,A0A0Q9X3D7
1174,cons_1279,B4GNV2
1175,cons_1924,B4GTH0
1176,cons_591,B4HAK3
1177,cons_1852,A0A6I8UV95
1178,cons_499,B4HQA2
1179,cons_646,B4QA33
1180,cons_133,A0A6I8UR10
1181,cons_1182,A0A6I8VE90
1182,cons_1795,B4KWT4
1183,cons_1656,B4NDU1
1184,cons_1297,B4NUY4
1185,cons_1202,B4I149
1186,cons_1476,B4KY77
1187,cons_74,A0A0R1ED44
1188,cons_1375,B4R3W9
1189,cons_1567,A0A0R1DPV2
1190,cons_1034,B4LR32
1191,cons_1183,B4QK91
1192,cons_1977,B4GAW5
1193,cons_500,B4PDT7
1194,cons_600,B4J016
1195,cons_1398,B4GVA2
1196,cons_709,B4QH43
1197,cons_1439,B4PHN8
1198,cons_336,B4QNV6
1199,cons_1717,B3P466
1200,cons_495,B4JUL2
1201,cons_2140,B4JM42
1202,cons_1615,B4NVV8
1203,cons_1930,B4Q3X2
1204,cons_779,A0A6I8V4C6
1205,cons_2069,B4IEP6
1206,cons_887,A0A0B4LED6
1207,cons_976,B4GN33
1208,cons_739,A0A6I8V5A1
1209,cons_2026,B4GRN1
1210,cons_674,B4KQM0
1211,cons_414,B4LB87
1212,cons_676,B4G715
1213,cons_796,B4KEB1
1214,cons_2272,B4KBU5
1215,cons_1627,B4JML1
1216,cons_1501,B4P7K0
1217,cons_232,A0A0Q5UK01
1218,cons_1463,B4MXE9
1219,cons_1062,M9PEJ1
1220,cons_712,B4IEF1
1221,cons_1678,B4J929
1222,cons_2127,A0A0Q9W1V1
1223,cons_393,Q29EK8
1224,cons_2071,A0A0B4KEK4
1225,cons_642,B4JVU4
1226,cons_2211,B4M508
1227,cons_2366,B4QM98
1228,cons_243,B4GTC2
1229,cons_289,B4LYT7
1230,cons_956,B3NN51
1231,cons_139,B3NBE1
1232,cons_407,B4NVS3
1233,cons_745,B4HGR3
1234,cons_1906,B4KMM0
1235,cons_1711,Q9VXI6
1236,cons_804,B4QWZ1
1237,cons_2278,B4KI20
1238,cons_1772,A0A6I8VRH4
1239,cons_116,B4Q6V0
1240,cons_1750,A0A0B4JCZ3
1241,cons_164,B4KKB8
1242,cons_1231,B4QSX1
1243,cons_1776,B3P4Q5
1244,cons_867,Q9W1K0
1245,cons_2044,B3NRZ8
1246,cons_1099,B4HLC0
1247,cons_1317,B4QAF4
1248,cons_2043,B4K1V3
1249,cons_1755,B4H1R5
1250,cons_408,B4JMF7
1251,cons_536,A0A0R1DWX6
1252,cons_1248,B4L6Q3
1253,cons_1017,B4NUL5
1254,cons_1631,E1JHG3
1255,cons_2387,A0A6I8V743
1256,cons_2099,B3P0B9
1257,cons_690,A0A6I8V3V8
1258,cons_549,B4L7F8
1259,cons_413,B4HQE2
1260,cons_1072,B4IRU5
1261,cons_2290,B4HDA1
1262,cons_1093,B4IS24
1263,cons_1135,B4I3U3
1264,cons_608,B4JJM8
1265,cons_1851,A0A0Q9WQ43
1266,cons_2189,B4M1S4
1267,cons_1296,B4KN10
1268,cons_1769,B3P0M3
1269,cons_747,B4IAR6
1270,cons_1349,B4ICQ1
1271,cons_1886,B4G2N9
1272,cons_1751,A0A0R1EA48
1273,cons_932,A0A0Q9XN31
1274,cons_612,B4GD58
1275,cons_992,B4ID25
1276,cons_1070,Q8STB0
1277,cons_309,B4IS89
1278,cons_1665,B4HTE6
1279,cons_1246,B4JUV1
1280,cons_89,B4HQC6
1281,cons_1041,B4MV46
1282,cons_857,B4MBJ5
1283,cons_1437,B4IBH2
1284,cons_967,B4L939
1285,cons_2244,B4JAG0
1286,cons_2110,B4IDG4
1287,cons_800,A0A0Q9WK75
1288,cons_736,A0A6I8VBI2
1289,cons_1511,B4I0U9
1290,cons_1713,B4G996
1291,cons_47,A0A6I8V5D7
1292,cons_269,B4PYS3
1293,cons_830,B4IPL0
1294,cons_1499,B4JSX2
1295,cons_293,B4HSF0
1296,cons_623,A0A0Q5U2S5
1297,cons_1454,A0A0Q9XUF2
1298,cons_1822,B4HBK0
1299,cons_1001,B4PHB1
1300,cons_1616,B4HNX7
1301,cons_198,A0A0Q9X240
1302,cons_1164,B4IK96
1303,cons_1321,B4I0J0
1304,cons_1200,B4H7Y0
1305,cons_1335,B4GT68
1306,cons_991,B4LK99
1307,cons_713,B4GUA4
1308,cons_53,A0A0Q5VKT9
1309,cons_2054,B3P2W9
1310,cons_1507,B4HK83
1311,cons_1894,B4K411
1312,cons_1932,A0A0Q9WY44
1313,cons_1110,B4N002
1314,cons_895,B4KLX1
1315,cons_321,B4KIV0
1316,cons_1487,B4I8T5
1317,cons_1878,B4GQ81
1318,cons_278,B4K3N0
1319,cons_205,Q29N71
1320,cons_1608,B4P7W4
1321,cons_2346,B4Q3C3
1322,cons_1498,A0A0Q9X4U7
1323,cons_1368,Q29FS8
1324,cons_598,B4JXR4
1325,cons_862,B4QIB0
1326,cons_1819,A0A0B4K6K5
1327,cons_626,B4GCP1
1328,cons_1798,B4JEC6
1329,cons_1543,B4LEP0
1330,cons_823,B4J3E7
1331,cons_1695,B4I661
1332,cons_1005,B4L3H7
1333,cons_305,B4LCN9
1334,cons_2249,B4Q881
1335,cons_1169,A0A0Q9XHM2
1336,cons_768,B4MDS5
1337,cons_1278,B3NML1
1338,cons_989,B4PF71
1339,cons_1908,A0A0Q9XE87
1340,cons_1737,B4P355
1341,cons_1151,A0A0Q9XA00
1342,cons_394,B4HKH7
1343,cons_371,A0A0R1E592
1344,cons_2065,A0A6I8USX5
1345,cons_809,B4K4A6
1346,cons_1050,B4IG93
1347,cons_60,Q4V6M1
1348,cons_542,A0A0Q9WSL9
1349,cons_2289,B4HEJ1
1350,cons_790,A0A0Q5U535
1351,cons_2160,B3P3T4
1352,cons_2055,Q9VHB2
1353,cons_1515,B4HUC9
1354,cons_1100,A0A6I8UTW8
1355,cons_2038,B4KAK6
1356,cons_316,Q9W1J6
1357,cons_730,B3P251
1358,cons_1808,B4IEA3
1359,cons_2188,A0A0Q9WM29
1360,cons_1619,A0A0R1EEK0
1361,cons_1312,B4PWJ5
1362,cons_788,B4JQR5
1363,cons_1508,B4KGF3
1364,cons_1688,B4KGB5
1365,cons_437,B4HWE4
1366,cons_906,Q9VAT5
1367,cons_2208,B4IPG8
1368,cons_1078,A0A0Q9XIC8
1369,cons_1611,A0A0R1EIQ4
1370,cons_2388,B4N2G9
1371,cons_2312,B4IM65
1372,cons_2184,B4NAZ6
1373,cons_1592,B4IQM2
1374,cons_1176,B4NE20
1375,cons_704,B4QVB9
1376,cons_449,Q9VU56
1377,cons_1433,B4NWR4
1378,cons_776,B4HZV6
1379,cons_14,B4JRI8
1380,cons_1286,B4IY11
1381,cons_1895,B4MPI7
1382,cons_1235,Q29PK5
1383,cons_1504,B4H823
1384,cons_189,B4JDW2
1385,cons_1092,B4QVC4
1386,cons_1156,B4QKE8
1387,cons_1455,B4LIH1
1388,cons_1397,B4IIK6
1389,cons_285,B4PH38
1390,cons_1956,B4GA13
1391,cons_929,B4Q8Y4
1392,cons_1091,B4QE01
1393,cons_1645,B4R3C2
1394,cons_2368,B4JGS3
1395,cons_707,B4NYE4
1396,cons_682,B4IGT1
1397,cons_1112,B4NSB6
1398,cons_2182,Q8SZA1
1399,cons_1155,B4H8G6
1400,cons_67,B3NI25
1401,cons_151,B4IS66
1402,cons_211,B4I8A9
1403,cons_170,B4HNA1
1404,cons_1464,Q8MRQ4
1405,cons_671,B4GR93
1406,cons_1081,B4LLB3
1407,cons_155,B3NZZ6
1408,cons_59,B4QNF9
1409,cons_141,A0A0Q9WZY4
1410,cons_250,B4IPW2
1411,cons_28,A0A0Q5WAL0
1412,cons_2035,B4HGQ7
1413,cons_1052,B4IP64
1414,cons_1602,B4IR76
1415,cons_738,A0A0Q9W7M9
1416,cons_20,A0A0R1E8F0
1417,cons_1384,B4H3Q5
1418,cons_1159,B4QS24
1419,cons_2178,A0A0B4K6C0
1420,cons_1300,A0A0Q9X5U2
1421,cons_1232,A0A0R1E4B1
1422,cons_185,B4K1F7
1423,cons_334,B4HPU0
1424,cons_1338,B4K1J8
1425,cons_569,B4GAW4
1426,cons_1568,A0A0B4KH49
1427,cons_2017,B4GCH9
1428,cons_504,A0A6I8V355
1429,cons_153,B4KJ86
1430,cons_1341,B4Q726
1431,cons_1370,B4PGY6
1432,cons_1503,A0A0Q9X086
1433,cons_651,A0A0Q9X3H0
1434,cons_1357,B4GCA4
1435,cons_893,B4JYT5
1436,cons_433,B3NGG4
1437,cons_526,B3NQD7
1438,cons_8,A0A0Q9WYK1
1439,cons_1845,B4LJA8
1440,cons_167,B4QJ51
1441,cons_1224,A0A0Q9WS36
1442,cons_143,B4JUQ7
1443,cons_2032,B4QXB2
1444,cons_983,B4LRQ8
1445,cons_1954,B4GMC0
1446,cons_1485,B4KT78
1447,cons_752,B4HJT5
1448,cons_152,B4QZW0
1449,cons_543,A0A0Q9WJA6
1450,cons_1817,B4JJS1
1451,cons_1670,B3NHU7
1452,cons_880,B4MBX5
1453,cons_1962,B4GIM1
1454,cons_550,B4NE98
1455,cons_1922,Q9VWD1
1456,cons_450,B4PGN9
1457,cons_1941,B4HVA5
1458,cons_577,B4IDC0
1459,cons_447,A0A0R1E4J7
1460,cons_350,B4HCK0
1461,cons_933,B4QVN7
1462,cons_564,B4GZH2
1463,cons_48,Q9VH69
1464,cons_333,B4HVT9
1465,cons_357,B4IM19
1466,cons_2142,B4QAM0
1467,cons_376,B4NW01
1468,cons_1669,B4I6J6
1469,cons_1809,B4LBA4
1470,cons_548,Q9VK90
1471,cons_662,A0A0Q9XFZ4
1472,cons_23,B4KR30
1473,cons_498,A2TDZ0
1474,cons_1421,B4KQS9
1475,cons_1342,Q29P87
1476,cons_630,B4KEA3
1477,cons_1214,A0A0R1E840
1478,cons_85,B4MD81
1479,cons_533,A0A0Q9XA55
1480,cons_638,B4IRU7
1481,cons_103,B4QK82
1482,cons_1285,B4J460
1483,cons_560,A0A6I8UMA3
1484,cons_897,B4LN62
1485,cons_1047,A0A6I8VDI7
1486,cons_1787,B4QNM8
1487,cons_307,A0A0B4JDE2
1488,cons_2333,B4JU70
1489,cons_1676,B4G4N2
1490,cons_1680,B4KWP0
1491,cons_2115,A0A0R1DPR8
1492,cons_2378,B3P7E9
1493,cons_2243,B4L5N9
1494,cons_2265,B4IRY6
1495,cons_1534,B4QEJ4
1496,cons_971,B4R4H8
1497,cons_1957,A0A0R1E922
1498,cons_812,B4IEP4
1499,cons_856,A0A0Q9XSD6
1500,cons_199,A0A0Q5UHT2
1501,cons_1571,B4H0A1
1502,cons_1722,B4GNV7
1503,cons_1382,A0A0Q9WSW2
1504,cons_568,B4GDE2
1505,cons_149,B4R742
1506,cons_1779,B4HQR0
1507,cons_266,Q8SWV5
1508,cons_1373,B4IKV3
1509,cons_111,B4H907
1510,cons_347,B4LJX5
1511,cons_1952,Q8INV0
1512,cons_1453,B4KNU6
1513,cons_2227,B4IQS5
1514,cons_2145,A0A0Q9WNT4
1515,cons_1796,B4H6N5
1516,cons_1674,B4G3Z0
1517,cons_1910,B4N3W1
1518,cons_2219,B4HB82
1519,cons_940,B4MBB6
1520,cons_1762,B4PJE4
1521,cons_1292,B4MET8
1522,cons_1150,B4K7T7
1523,cons_1191,A0A0Q9X237
1524,cons_1634,B4H1R3
1525,cons_2298,A0A0R1EEG2
1526,cons_669,A0A6I8VVT2
1527,cons_113,A0A0Q9WDT5
1528,cons_1044,B4JKV3
1529,cons_2319,B4GCT7
1530,cons_863,B4KC54
1531,cons_1160,A0A0Q9WGP8
1532,cons_467,B4HZU8
1533,cons_896,A0A6I8V4J7
1534,cons_472,A0A0Q9XF02
1535,cons_1138,B4JZ46
1536,cons_1613,A0A0Q9WU62
1537,cons_1467,B4HIS8
1538,cons_428,B4LI67
1539,cons_171,B4N7S0
1540,cons_1955,B4Q551
1541,cons_1882,B4M7B9
1542,cons_1086,B4IIH7
1543,cons_1946,B4QJK7
1544,cons_1873,B4R026
1545,cons_1031,B4QT75
1546,cons_2013,B4ZJA3
1547,cons_899,B4I5K9
1548,cons_359,B4IJS0
1549,cons_221,B4G994
1550,cons_756,A0A0R1DZW4
1551,cons_679,B4MQZ5
1552,cons_473,B4JLR2
1553,cons_613,B4M3E1
1554,cons_2085,B4QJ63
1555,cons_509,B4R1V0
1556,cons_2135,B4JSN1
1557,cons_826,A0A0Q9WBV1
1558,cons_970,B4H3Y9
1559,cons_777,B4JXJ2
1560,cons_1165,B4MMN8
1561,cons_1595,B3NUU7
1562,cons_1023,A0A6I8UXH2
1563,cons_883,B4HG99
1564,cons_230,B4GHV4
1565,cons_1843,B4JHL5
1566,cons_146,B4I2L4
1567,cons_999,A0A0Q9WD19
1568,cons_2034,B4QJB2
1569,cons_2002,B4M6E9
1570,cons_816,B4R7K9
1571,cons_1690,B4R5M4
1572,cons_383,A0A0R1DZY0
1573,cons_705,B4GYU4
1574,cons_202,A0A0Q9XE23
1575,cons_982,B4KI18
1576,cons_1648,A0A0B4LGV8
1577,cons_1073,A0A6I8W4A5
1578,cons_385,A0A0Q9X5W9
1579,cons_1826,A0A0Q9XEB3
1580,cons_1521,B4MMM1
1581,cons_724,B4H9U8
1582,cons_19,A0A0Q9XAX2
1583,cons_66,B4IBP6
1584,cons_479,B4IB89
1585,cons_1269,A0A6M3Q8N2
1586,cons_1139,B4IFP1
1587,cons_1693,B4R698
1588,cons_525,A1ZBV5
1589,cons_2062,M9PFC4
1590,cons_483,B4JWT7
1591,cons_377,Q9VP00
1592,cons_1118,A0A0Q9WZN5
1593,cons_773,A0A0Q9WEB7
1594,cons_1638,B3NVQ7
1595,cons_470,B4MU79
1596,cons_1545,B4I1K2
1597,cons_771,B4NVW1
1598,cons_1889,A0A6I8UY42
1599,cons_1997,B4JB34
1600,cons_814,B4Q0S7
1601,cons_1142,B4KRH5
1602,cons_2117,B4K3B8
1603,cons_512,B4I1J3
1604,cons_1356,X2JCX4
1605,cons_1311,A0A0R1DIB9
1606,cons_2363,B4JK77
1607,cons_2168,Q29D23
1608,cons_691,B4JMB3
1609,cons_1380,B4HBS5
1610,cons_140,A0A0Q9WAL4
1611,cons_1864,B4QWR4
1612,cons_619,B4Q6E6
1613,cons_1126,B4IRK2
1614,cons_363,Q6XHU7
1615,cons_1628,B4GLQ7
1616,cons_401,B4GZA5
1617,cons_68,B4H9Y3
1618,cons_1892,B4GSF7
1619,cons_1989,B4MF97
1620,cons_108,B4KKX1
1621,cons_1712,B4G5T3
1622,cons_1219,B4R1K2
1623,cons_369,A0A0R1DT47
1624,cons_2064,Q9VIX1
1625,cons_1960,B4H9A2
1626,cons_352,A0A6I8VTT6
1627,cons_1045,B4QKY3
1628,cons_699,A0A0Q9W2R0
1629,cons_1740,B4IKY2
1630,cons_754,B4MN42
1631,cons_2390,B4JF17
1632,cons_1575,B4MRT4
1633,cons_466,B4ISE0
1634,cons_105,B4GK29
1635,cons_181,B4NSJ0
1636,cons_2148,B4J556
1637,cons_92,B4M7I4
1638,cons_1887,B4KKN4
1639,cons_994,Q9VWE9
1640,cons_2025,B4H2M8
1641,cons_1903,B4LQ57
1642,cons_1465,B4ISG2
1643,cons_240,M9NCU2
1644,cons_2315,B4KA90
1645,cons_187,B4LN00
1646,cons_355,Q9I7P2
1647,cons_1148,B4JEJ1
1648,cons_121,P02825
1649,cons_763,Q27377
1650,cons_496,Q9VVF0
1651,cons_1896,B4K320
1652,cons_1820,A0A0Q9XLB5
1653,cons_581,B4PCY6
1654,cons_607,B4QTF2
1655,cons_1207,B4LNL0
1656,cons_1015,B4G981
1657,cons_1131,B4QUI6
1658,cons_2254,B4QEG6
1659,cons_1831,B4R601
1660,cons_657,B4K355
1661,cons_1179,A0A0Q9XDV5
1662,cons_1728,A0A0Q9WWP1
1663,cons_1691,B4KVX6
1664,cons_1799,B4P897
1665,cons_1003,B4JTB0
1666,cons_2137,A0A0Q9WZP6
1667,cons_245,Q9VHE6
1668,cons_1502,B4QJW3
1669,cons_1586,B4IN12
1670,cons_1778,B4NPX3
1671,cons_1475,B4QMB4
1672,cons_1140,B4Q3X5
1673,cons_866,A0A0Q9X6J5
1674,cons_693,B4IS27
1675,cons_254,E1JHG4
1676,cons_1731,B4R4L4
1677,cons_522,Q2MGP5
1678,cons_2162,A0A0Q5UJQ2
1679,cons_2352,B4IDI3
1680,cons_2087,A0A0B4KEM6
1681,cons_373,B4QJ83
1682,cons_420,B4HLV7
1683,cons_13,B4HXA6
1684,cons_894,A0A0R1E639
1685,cons_2045,B4R5E7
1686,cons_1306,B3NRD9
1687,cons_1520,A0A0Q9X6C3
1688,cons_566,Q8IPL4
1689,cons_884,A0A0Q9XQ96
1690,cons_954,B4L611
1691,cons_915,A0A6I8UX21
1692,cons_1774,B4IUC7
1693,cons_1765,X2JB67
1694,cons_1657,B4KIE1
1695,cons_1841,B4I6K2
1696,cons_389,Q95RF7
1697,cons_2173,A0A0B4LHX3
1698,cons_861,Q6IHI1
1699,cons_1348,B4KAM5
1700,cons_487,A0A0R3P570
1701,cons_1834,B4G5U6
1702,cons_1039,A0A0R1DJP2
1703,cons_1238,B4NV15
1704,cons_1723,Q9VY59
1705,cons_159,B4IQQ5
1706,cons_874,A0A0R1DVD5
1707,cons_1682,B4R5R5
1708,cons_881,B4NV45
1709,cons_680,B4I763
1710,cons_1700,B3P611
1711,cons_1391,A0A6I8V4A0
1712,cons_239,B4GGR1
1713,cons_681,B4ISE3
1714,cons_1763,A0A6I8VPI1
1715,cons_1850,B4M5S0
1716,cons_1365,Q6IKG0
1717,cons_843,A0A0Q9WU15
1718,cons_2130,A0A0Q9WG33
1719,cons_746,B4N4V5
1720,cons_2269,B4NB53
1721,cons_551,B3NJP1
1722,cons_810,B4INX8
1723,cons_44,B4P568
1724,cons_949,B4PEW3
1725,cons_1270,B4GYX5
1726,cons_1127,B3NMI9
1727,cons_346,B4KWN7
1728,cons_972,A0A0Q9WNN9
1729,cons_792,B4NUT9
1730,cons_1805,B4I6U1
1731,cons_1204,B4GT73
1732,cons_1162,B4IQA5
1733,cons_530,B4ISK4
1734,cons_1273,B4JWW3
1735,cons_179,B4L995
1736,cons_2183,B4JZ44
1737,cons_25,B4MSJ4
1738,cons_2066,B3NI82
1739,cons_656,B4GZK3
1740,cons_11,B4G2T9
1741,cons_2255,B4NZH5
1742,cons_842,B3LF18
1743,cons_142,B4QR22
1744,cons_2242,B4NUZ6
1745,cons_1899,A0A6I8W9A9
1746,cons_1256,A0A0R1E912
1747,cons_354,B4NYL0
1748,cons_922,B4HJ54
1749,cons_7,B4GJ73
1750,cons_1105,Q8MSF5
1751,cons_2171,A0A0R1DWA9
1752,cons_1530,B4J4N1
1753,cons_1293,B4GAP1
1754,cons_1161,B4PMV9
1755,cons_1103,A0A0Q9WSK1
1756,cons_2095,C0PV03
1757,cons_960,A0A0Q9XNG0
1758,cons_276,B4GSJ9
1759,cons_1477,B4LTW9
1760,cons_282,B4GG95
1761,cons_1432,B4P6I9
1762,cons_1257,A0A0Q9X2T8
1763,cons_2351,B4K366
1764,cons_2154,B4K4V7
1765,cons_365,A0A0Q9WPB6
1766,cons_584,B4LVZ0
1767,cons_283,B4IS93
1768,cons_251,B4GVE6
1769,cons_2287,B4HWU6
1770,cons_290,B4KBE1
1771,cons_567,B4I660
1772,cons_27,B4HEG3
1773,cons_1625,C9QNT4
1774,cons_1120,B4Q9N9
1775,cons_2187,B4QDR0
1776,cons_524,A0A0Q5VPD7
1777,cons_1490,B4GTT9
1778,cons_4,B4LIS2
1779,cons_2118,B4IAI6
1780,cons_129,B3NC78
1781,cons_372,B4JJ18
1782,cons_1448,B3NBZ0
1783,cons_878,B4NB21
1784,cons_1942,B4JEH4
1785,cons_2092,A0A0Q9W6M3
1786,cons_1407,A0A0Q9XA28
1787,cons_1565,B4QBI0
1788,cons_1963,B4M5I1
1789,cons_1791,B4LHE7
1790,cons_1171,B4I5P4
1791,cons_26,B4H9P0
1792,cons_2280,B4INM6
1793,cons_1983,A0A0Q9XJ85
1794,cons_924,A0A0Q5U3X3
1795,cons_2080,B4L445
1796,cons_40,B4NV73
1797,cons_55,B4I9R0
1798,cons_1981,B4NI61
1799,cons_1856,M9PCH7
1800,cons_2123,A0A0R1EBQ2
1801,cons_1201,A0A0R1E4D1
1802,cons_93,B4K777
1803,cons_964,B4IN58
1804,cons_1301,A0A0Q9XCU4
1805,cons_1461,B3NI77
1806,cons_1643,B4M722
1807,cons_833,B4KI33
1808,cons_868,B4NTL4
1809,cons_2122,A0A0Q9XMQ7
1810,cons_1013,B4QCI0
1811,cons_953,B4NTF3
1812,cons_2394,B4I1J2
1813,cons_341,B4L6Z3
1814,cons_859,A0A0B4JCV2
1815,cons_1383,B4NGT8
1816,cons_2348,E1JJA4
1817,cons_453,B4G3X4
1818,cons_1562,B4LYE7
1819,cons_2374,B4IEY5
1820,cons_2391,A0A0Q9XQQ4
1821,cons_1443,B4H1I5
1822,cons_1190,B4JKC7
1823,cons_399,B4IB63
1824,cons_1532,B4GSG2
1825,cons_650,B3NZS5
1826,cons_77,B4JXQ2
1827,cons_744,A0A0Q9XC86
1828,cons_2008,B4ICL9
1829,cons_2336,B4I5S2
1830,cons_2205,A0A0Q9X1N2
1831,cons_1360,Q9W3R2
1832,cons_1180,B4I5M3
1833,cons_131,B4GKI5
1834,cons_1813,Q9W0C1
1835,cons_2193,A0A0B4K755
1836,cons_2146,B4KZE6
1837,cons_2096,A0A6I8UY00
1838,cons_2104,B4QQZ1
1839,cons_943,B4HAZ3
1840,cons_593,B4HJ35
1841,cons_965,B4PMD9
1842,cons_2159,A0A0Q9X5Z3
1843,cons_1447,B4HC88
1844,cons_2396,A0A0Q9XPV2
1845,cons_687,B4QVS9
1846,cons_2381,B4QP57
1847,cons_1240,A0A0Q5VL01
1848,cons_272,E2QC83
1849,cons_2024,B4KWC1
1850,cons_918,Q9VCC1
1851,cons_104,Q9VP18
1852,cons_90,A0A0Q9WD05
1853,cons_1268,P84345
1854,cons_1247,B4K347
1855,cons_2083,B3NVN8
1856,cons_665,B4K2T7
1857,cons_54,B4KT94
1858,cons_1393,A0A0R1DPK2
1859,cons_1689,B4LDK2
1860,cons_119,B4QDZ0
1861,cons_1404,B4N494
1862,cons_742,B4IPF4
1863,cons_1483,B4KWN2
1864,cons_1210,B4IP66
1865,cons_1641,A0A0Q9X9M0
1866,cons_1276,B4ICM0
1867,cons_176,B4IXN0
1868,cons_1692,B4QIS9
1869,cons_2079,Q2PDS0
1870,cons_673,Q29LU3
1871,cons_1458,A0A0Q9XFX7
1872,cons_2175,A0A6I8V5V5
1873,cons_1430,B4HVY0
1874,cons_1984,B4PHR1
1875,cons_213,B4HBG0
1876,cons_2335,B4IRW0
1877,cons_928,B4KCN0
1878,cons_1730,A0A0R1DVN7
1879,cons_692,B4HEE8
1880,cons_1836,B4JUD5
1881,cons_312,B4KJZ3
1882,cons_410,B4KER7
1883,cons_2097,B4HPD5
1884,cons_1032,B4Q9N8
1885,cons_329,B4QWI8
1886,cons_735,B5DMJ4
1887,cons_2195,B4J5D7
1888,cons_710,B4G776
1889,cons_436,A0A6I8UWU6
1890,cons_2156,B4JMQ4
1891,cons_1759,B3P066
1892,cons_209,B4J8H2
1893,cons_1101,A0A6I8WBI4
1894,cons_2238,B4R087
1895,cons_1980,B3NLK6
1896,cons_821,B4QP61
1897,cons_174,B4IJZ1
1898,cons_65,B4HRI0
1899,cons_1059,A0A0R3P4W8
1900,cons_1971,B4R0C5
1901,cons_888,B4L053
1902,cons_1557,B4R0L0
1903,cons_343,A0A0Q9WHH6
1904,cons_909,B3N3S8
1905,cons_1549,A0A0Q9XGC6
1906,cons_1506,B4GPJ6
1907,cons_219,A0A6I8VNG1
1908,cons_2297,B4K663
1909,cons_1794,A0A0R1E8M4
1910,cons_1650,B4K780
1911,cons_2260,B4PI41
1912,cons_1597,A0A0Q5VKB1
1913,cons_1195,A0A6I8V302
1914,cons_263,A0A0Q9XB67
1915,cons_1986,B4H6Q1
1916,cons_1553,B4K1V4
1917,cons_727,B4IRT8
1918,cons_806,B4R2B6
1919,cons_2016,B4Q3A3
1920,cons_1949,B4LA88
1921,cons_610,B4QD48
1922,cons_1624,A0A0Q9XK42
1923,cons_2019,B4N6Q1
1924,cons_1277,B3NSD3
1925,cons_2004,B4KYT0
1926,cons_1158,B4GSL2
1927,cons_1524,A0A0Q9X0Z4
1928,cons_2386,A0A6I8UC89
1929,cons_2383,B4JWC7
1930,cons_2153,B3NZA9
1931,cons_208,A0A0R1DW89
1932,cons_2231,B3P7W5
1933,cons_552,B4L066
1934,cons_1108,A0A0Q9X802
1935,cons_1327,B4JR90
1936,cons_42,B3P3D5
1937,cons_462,B4JZV2
1938,cons_125,B4KNG5
1939,cons_246,B4P9K9
1940,cons_1925,A0A0R1E1A9
1941,cons_1605,A0A0B4KHN9
1942,cons_2320,B4GQ96
1943,cons_439,B4Q3B5
1944,cons_609,B4QC30
1945,cons_1747,A0A0Q9X0S8
1946,cons_1021,B4JL22
1947,cons_1205,B4R555
1948,cons_2371,Q8IR33
1949,cons_1914,B4HA02
1950,cons_147,A0A6I8UUL7
1951,cons_302,B4K2V2
1952,cons_1449,B4JEE0
1953,cons_601,A0A0Q9W0K2
1954,cons_1863,B4I1Z1
1955,cons_1064,A0A0Q5UK80
1956,cons_1609,C0P8M6
1957,cons_764,B4QDS2
1958,cons_1334,B4I0R6
1959,cons_977,B4PIN6
1960,cons_384,B4J6N4
1961,cons_870,B4ITS6
1962,cons_1707,B4GL73
1963,cons_1241,B4HB19
1964,cons_1992,B4KFL5
1965,cons_2149,M9PCH5
1966,cons_1058,B4PU88
1967,cons_1517,Q9VI60
1968,cons_1837,B4QU84
1969,cons_988,A0A0R1E8E9
1970,cons_703,A0A6I8VWR6
1971,cons_286,A0A0Q5VNY8
1972,cons_2036,F0JAR1
1973,cons_1330,B4K2P0
1974,cons_15,B4KWJ3
1975,cons_1206,Q7KUG4
1976,cons_1897,A0A0Q9WPT1
1977,cons_244,B4HPY3
1978,cons_1014,B4KM39
1979,cons_1866,B4Q965
1980,cons_936,A0A0R3P180
1981,cons_446,B4I757
1982,cons_957,A0A0R1E6L5
1983,cons_1859,B4KNF7
1984,cons_1252,B4KKU6
1985,cons_1444,B3N5H6
1986,cons_562,B3P2W5
1987,cons_1560,B4J862
1988,cons_351,B4HSI6
1989,cons_368,B4MVU3
1990,cons_431,B4IYK6
1991,cons_2325,B4NSV7
1992,cons_318,B4K4Q7
1993,cons_452,A0A0Q9WS87
1994,cons_2112,B4IAG5
1995,cons_1122,B4GR84
1996,cons_1350,B4PII1
1997,cons_886,B4MYZ0
1998,cons_1821,B4H7L5
1999,cons_1009,B3N6N0
2000,cons_2237,B3NFV7
2001,cons_1259,A0A0Q9WX27
2002,cons_2076,B4GPS1
2003,cons_1790,B4GHN0
2004,cons_1478,B4MY45
2005,cons_128,M9NFE3
2006,cons_769,B4ML04
2007,cons_1146,A0A0Q9VZC5
2008,cons_1040,B4I441
2009,cons_517,B4HEY6
2010,cons_1354,A0A0Q9WHE8
2011,cons_1459,Q9VQ22
2012,cons_1434,A0A6I8W4Y4
2013,cons_132,A0A0Q5TH20
2014,cons_1097,B3NTR0
2015,cons_1347,B4G9D5
2016,cons_2014,B4HPB6
2017,cons_1082,A0A0Q9WVT6
2018,cons_1435,B4PSN2
2019,cons_1921,H9ZYP9
2020,cons_418,Q9VS26
2021,cons_1622,A0A0R1EI32
2022,cons_1038,B4HYD5
2023,cons_451,B3NF39
2024,cons_1833,B3P003
2025,cons_1253,B4LJY6
2026,cons_411,A0A0Q9W8B0
2027,cons_455,B4Q5K3
2028,cons_1890,B4LQ76
2029,cons_1823,Q9VII1
2030,cons_616,B4QY06
2031,cons_1283,B4H2D1
2032,cons_797,B4HR25
2033,cons_241,B4JWY1
2034,cons_2204,B3P812
2035,cons_1662,B4QRV6
2036,cons_544,A0A0B4LEU6
2037,cons_1211,B3NGZ6
2038,cons_1724,B3P4G8
2039,cons_850,B4PID8
2040,cons_2100,B4M5K7
2041,cons_917,B4HF09
2042,cons_75,B4HXP7
2043,cons_588,B4J417
2044,cons_1462,Q8IRT8
2045,cons_1578,B4PYY0
2046,cons_188,Q6IL43
2047,cons_51,B4Q620
2048,cons_2275,B3P5I2
2049,cons_986,B4Q5K4
2050,cons_1194,B4KQI0
2051,cons_2264,B4J9J8
2052,cons_461,B4QNF1
2053,cons_1829,B4J188
2054,cons_445,B4JBY3
2055,cons_98,M9MSM0
2056,cons_1788,B4QDI9
2057,cons_1019,A0A6I8VCN2
2058,cons_503,B4JV32
2059,cons_1055,B4HCU5
2060,cons_2216,B4QS28
2061,cons_80,B4IVX0
2062,cons_996,B4QFJ3
2063,cons_848,A0A0Q9XKT0
2064,cons_1505,A0A0Q9WQE1
2065,cons_781,B4H007
2066,cons_1329,B4KLR8
2067,cons_430,A0A0R1EDH8
2068,cons_840,B4KL43
2069,cons_633,B4Q5K6
2070,cons_1556,B4KLN8
2071,cons_1938,B4H0L5
2072,cons_720,B4HC73
2073,cons_1926,B3P3D6
2074,cons_782,B4Q459
2075,cons_1804,B4QPP9
2076,cons_2210,A0A0Q9X6L2
2077,cons_1274,B4KFY9
2078,cons_2094,B4NXN2
2079,cons_2309,A0A0R1E3E5
2080,cons_1328,B3N545
2081,cons_1702,B3NWJ0
2082,cons_2132,B4JWU1
2083,cons_789,B4I7D5
2084,cons_1233,A0A0Q9XAC1
2085,cons_611,Q6IJR5
2086,cons_1874,B4GVM2
2087,cons_2262,B4IT13
2088,cons_353,B4I9I2
2089,cons_2031,Q9VWH2
2090,cons_1706,B4QWW8
2091,cons_280,B4IQM0
2092,cons_1416,B4R017
2093,cons_944,A0A0Q9X6H3
2094,cons_925,B4QI15
2095,cons_17,B4H553
2096,cons_2316,Q9VUM2
2097,cons_1974,B4P5J6
2098,cons_1800,B4GYH7
2099,cons_966,Q2PE12
2100,cons_270,B4KMA1
2101,cons_882,B4JZU5
2102,cons_1999,B4I683
2103,cons_5,A0A6I8UQR7
2104,cons_134,B4ITB6
2105,cons_1410,B4QYY4
2106,cons_1618,A0A0Q5UIE7
2107,cons_2342,A0A0Q9X571
2108,cons_2340,B4QEC2
2109,cons_160,B4KK85
2110,cons_2197,B3NMZ5
2111,cons_923,A0A6I8VFW7
2112,cons_1523,A0A6I8ULU8
2113,cons_438,A0A6I8VAJ3
2114,cons_664,B4PHD3
2115,cons_1694,B4H1U6
2116,cons_1659,B4LHY1
2117,cons_1526,B4K7M0
2118,cons_1492,B4I2D1
2119,cons_1271,B4IS65
2120,cons_362,Q9VPS9
2121,cons_1480,B4KLP9
2122,cons_70,B4GB50
2123,cons_528,B4MWY9
2124,cons_935,B4KM27
2125,cons_1364,B4KRW4
2126,cons_324,B4NUY7
2127,cons_2341,B4IDN8
2128,cons_440,B4G2K8
2129,cons_301,B4QMS0
2130,cons_358,B4KLZ5
2131,cons_2098,M9NEV5
2132,cons_590,B4PAA5
2133,cons_1726,B4LFH5
2134,cons_315,B4IUN4
2135,cons_2276,B4NTV4
2136,cons_122,B4PSS3
2137,cons_2230,B4HV92
2138,cons_748,Q9VQ65
2139,cons_1725,A0A0Q9WV31
2140,cons_759,B4I3H8
2141,cons_1493,B4G9X9
2142,cons_2379,B4LP41
2143,cons_1004,B4JV70
2144,cons_990,B4I5T0
2145,cons_1500,B4L335
2146,cons_1644,B4MR34
2147,cons_539,B4P235
2148,cons_532,B4GU41
2149,cons_2121,A0A0Q9X117
2150,cons_1208,A0A6I8VVC4
2151,cons_961,B3NEI6
2152,cons_729,B4Q2A2
2153,cons_322,B3P276
2154,cons_1242,B4I7C5
2155,cons_1136,B4J607
2156,cons_1225,A0A6I8UQM5
2157,cons_2136,A0A0R1EDL5
2158,cons_1198,B4QJU5
2159,cons_1876,Q7KUG7
2160,cons_2093,A0A0Q9XQN6
2161,cons_643,B4PFJ0
2162,cons_1033,B4JHS4
2163,cons_1888,B4NQ03
2164,cons_295,B4HTU6
2165,cons_1848,B4MVI0
2166,cons_235,B3NQZ7
2167,cons_1419,B4GVQ6
2168,cons_469,B4KW47
2169,cons_1085,A0A0Q9WIP4
2170,cons_126,B3NZH0
2171,cons_2201,B4PR13
2172,cons_415,B4JCR4
2173,cons_130,B4K2Y6
2174,cons_930,A0A0R1DR35
2175,cons_112,B4H9L6
2176,cons_2258,Q9W100
2177,cons_367,B4MA22
2178,cons_2027,B4LT63
2179,cons_214,B4QT08
2180,cons_2059,Q9VMS1
2181,cons_1067,A0A0B4K7Q5
2182,cons_2247,A0A0Q9XGT1
2183,cons_599,B4NRX6
2184,cons_2317,B4QU68
2185,cons_2196,A0A6I8VDD6
2186,cons_793,B4KTI8
2187,cons_1745,A0A0R3NUL0
2188,cons_1684,B3NI74
2189,cons_1933,B4PI39
2190,cons_571,B4IAU4
2191,cons_2138,B4P2V9
2192,cons_1961,A0A0Q9XU35
2193,cons_252,B4QVU4
2194,cons_586,B4QMA4
2195,cons_1230,B4QQD1
2196,cons_666,B4GNM0
2197,cons_1928,X2J9G7
2198,cons_1076,B4MNY7
2199,cons_2367,B4KZ15
2200,cons_1727,A0A6I8UK47
2201,cons_2288,B4K6T9
2202,cons_190,B4JKD2
2203,cons_1125,B4HA84
2204,cons_1783,B4JBS7
2205,cons_521,B3P5L3
2206,cons_737,B4HPS9
2207,cons_1640,B4GTJ6
2208,cons_406,A0A0B4LET5
2209,cons_1170,B4HXH9
2210,cons_835,B4QU30
2211,cons_375,A0A0B4KEQ9
2212,cons_87,A0A0Q5VXZ5
2213,cons_1869,A0A6I8VQM6
2214,cons_2236,A0A0Q9XEF2
2215,cons_1547,B4GEG4
2216,cons_2401,B4R4H0
2217,cons_1185,B4J4I4
2218,cons_2018,A0A0Q9WSM1
2219,cons_46,A0A0Q5VKU1
2220,cons_1959,B7YZH8
2221,cons_120,B4IYC5
2222,cons_2284,B4PK27
2223,cons_907,B4LIP5
2224,cons_95,B4QEU8
2225,cons_1494,B4JXG7
2226,cons_1970,B4LQJ3
2227,cons_2215,B4KRT8
2228,cons_2268,A0A0Q5WBZ6
2229,cons_516,A0A0Q5VSF8
2230,cons_1806,B4G7J2
2231,cons_292,B4QB24
2232,cons_259,B4Q3U5
2233,cons_1746,E1JIN4
2234,cons_423,B4QPK5
2235,cons_339,B4LT92
2236,cons_1767,B4HJF1
2237,cons_1154,B4R6K4
2238,cons_360,B4KPB2
2239,cons_808,B4IN81
2240,cons_2164,A0A0Q5VXJ0
2241,cons_947,B4JTM6
2242,cons_1020,M9PFS4
2243,cons_1431,B4G3Y1
2244,cons_1411,B4G7C9
2245,cons_1177,A0A0B4KFT1
2246,cons_2139,B4IN87
2247,cons_117,B4ITU7
2248,cons_2165,B4HG77
2249,cons_2253,B4G9D9
2250,cons_2124,A0A0Q9XNL6
2251,cons_1424,A0A0Q9WHS0
2252,cons_723,B4HEC6
2253,cons_1390,A0A0Q9WRX3
2254,cons_827,B4J5Q0
2255,cons_2263,B4QHQ8
2256,cons_443,B4I2M7
2257,cons_1552,B4I530
2258,cons_348,B4NSK9
2259,cons_767,B4I5D2
2260,cons_222,Q9VTA1
2261,cons_1290,B4HTQ9
2262,cons_2328,B4MR09
2263,cons_553,B4M438
2264,cons_523,B4GXN9
2265,cons_2303,B4G4E9
2266,cons_1646,B4LAV9
2267,cons_1654,B4LQ50
2268,cons_1655,B4J4D6
2269,cons_1749,B3NZ09
2270,cons_1426,B4KEF5
2271,cons_1255,A0A6I8V9P6
2272,cons_576,B4MBS9
2273,cons_69,B4HDX0
2274,cons_1994,B4MTT7
2275,cons_61,A0A0R1DL91
2276,cons_2357,B4PUH6
2277,cons_1996,B4J3N6
2278,cons_486,B4QGL4
2279,cons_1414,B4ILS0
2280,cons_1558,B4QCG0
2281,cons_2267,B4IN71
2282,cons_1030,B4K990
2283,cons_2172,B3N3N6
2284,cons_2206,Q9VBQ5
2285,cons_572,B4HFJ7
2286,cons_998,A8DY51
2287,cons_1741,B4NV26
2288,cons_1673,B4GDN1
2289,cons_1262,B4NX62
2290,cons_1867,Q9W1U6
2291,cons_997,B4K449
2292,cons_192,A0A6I8UYR2
2293,cons_2291,B4JWL2
2294,cons_1623,A0A0R1DWB5
2295,cons_834,Q9VF43
2296,cons_1077,B4GT89
2297,cons_1141,A0A0Q9X6H8
2298,cons_195,B4GDB0
2299,cons_2257,A0A0Q9VZH8
2300,cons_6,B4IKZ7
2301,cons_297,Q01642
2302,cons_1084,B4IFA6
2303,cons_366,A0A0Q9WE82
2304,cons_1250,A0A0Q9WA89
2305,cons_1134,B4P0N1
2306,cons_811,B4Q3E1
2307,cons_1807,B4QHH2
2308,cons_1709,B3NY60
2309,cons_1985,B4I691
2310,cons_83,B4PSJ7
2311,cons_2304,A0A6I8VVA2
2312,cons_256,B4IWY1
2313,cons_182,B3P0W2
2314,cons_1754,B4NTW0
2315,cons_1,B4MGX3
2316,cons_1163,B4GCR1
2317,cons_64,B4K2A2
2318,cons_489,A1A6Q4
2319,cons_1739,A0A0R1E1P6
2320,cons_1027,B4GXF5
2321,cons_778,M9PBB0
2322,cons_640,A0A0Q9XGM3
2323,cons_514,B4IZY7
2324,cons_1699,A0A0R1E800
2325,cons_912,A0A0Q9X5X0
2326,cons_1610,B4N807
2327,cons_1990,Q2VKJ4
2328,cons_565,B4JW61
2329,cons_958,A0A0Q9XEQ5
2330,cons_1371,B4NT76
2331,cons_1679,B4H2P9
2332,cons_2056,A0A6I8WB22
2333,cons_460,B4J1M0
2334,cons_2251,B4LRW0
2335,cons_1260,B4GQ10
2336,cons_186,A0A0B4JD70
2337,cons_2143,B4P5J4
2338,cons_1594,B4H0L7
2339,cons_215,B4MTQ8
2340,cons_527,B4NMY4
2341,cons_624,B4NVQ9
2342,cons_1299,B4LEQ4
2343,cons_1849,B4QIP9
2344,cons_1943,B4G8R6
2345,cons_741,A0A0R1EAV6
2346,cons_2057,A0A0S0WH10
2347,cons_728,B4ILR5
2348,cons_166,A0A0B4LGS7
2349,cons_1958,B4JGC1
2350,cons_2105,Q9VZ91
2351,cons_344,Q8IRD7
2352,cons_2053,B3P7M2
2353,cons_750,B4JIN7
2354,cons_1409,B4GLP8
2355,cons_864,B4IN28
2356,cons_1358,B4H4T6
2357,cons_328,Q9VXH4
2358,cons_627,B4NN19
2359,cons_557,B4HAZ9
2360,cons_844,B4JN66
2361,cons_959,B4IRS5
2362,cons_1766,B4QJX7
2363,cons_2310,B4H6W3
2364,cons_1143,A0A0Q9XKH3
2365,cons_2226,A0A6I8VNV7
2366,cons_632,B4GV43
2367,cons_1604,Q29MU0
2368,cons_2232,B4QZE7
2369,cons_685,B4QLU8
2370,cons_1934,A0A6I8VG68
2371,cons_50,A0A6I8WA43
2372,cons_1119,B4G7U9
2373,cons_261,B4HF49
2374,cons_2321,A1Z8T9
2375,cons_2377,B4JLJ8
2376,cons_1875,B4H8A9
2377,cons_107,B4KUF7
2378,cons_718,B3NT64
2379,cons_858,B4HIX4
2380,cons_127,B3N4E1
2381,cons_1362,A0A0Q9WIT9
2382,cons_698,B4I876
2383,cons_255,A0A0Q9XCB3
2384,cons_615,A0A0Q9X7M8
2385,cons_349,B4KQV7
2386,cons_2332,B4I538
2387,cons_634,Q29N12
2388,cons_1482,B4J262
2389,cons_1178,B4LB44
2390,cons_913,B4HSR2
2391,cons_2259,A0A0Q9WQ94
2392,cons_2350,B4GYD3
2393,cons_2209,B4LBE1
2394,cons_1413,B4R0J7
2395,cons_743,A0A6I8VN89
2396,cons_1716,B4LWY2
2397,cons_114,B4R544
2398,cons_1649,B4Q4B1
2399,cons_920,B4HDL1
2400,cons_2190,A0A0Q9WRH6
2401,cons_1761,B4QYQ0
2402,cons_1563,B4QPD5
2403,cons_2306,O97179
